/message?tp=ET&id=3GYLA5YAHONRPLL1I&df=3&ver=FFFF&lat=678594688&lon=198732288&app=TT&gd=N, ,3GYLA5YAHONRPLL1I
/message?tp=ET&id=3GYLA5YAHONRPLL1I&df=3&ver=FFFF&lat=678382464&lon=198663295&app=TT&gd=N, ,3GYLA5YAHONRPLL1I
/message?tp=ET&id=3GYLA5YAHONRPLL1I&df=3&ver=FFFF&lat=678157056&lon=198483583&app=TT&gd=N, ,3GYLA5YAHONRPLL1I
/message?tp=ET&id=3GYLA5YAHONRPLL1I&df=3&ver=FFFF&lat=677892096&lon=198105984&app=TT&gd=N, ,3GYLA5YAHONRPLL1I
/message?tp=ET&id=3GYLA5YAHONRPLL1I&df=3&ver=FFFF&lat=677626751&lon=197895807&app=TT&gd=N, ,3GYLA5YAHONRPLL1I
/message?tp=ET&id=3GYLA5YAHONRPLL1I&df=3&ver=FFFF&lat=677339904&lon=197687552&app=TT&gd=N, ,3GYLA5YAHONRPLL1I
/message?tp=ET&id=3GYLA5YAHONRPLL1I&df=3&ver=FFFF&lat=677070975&lon=197451264&app=TT&gd=N, ,3GYLA5YAHONRPLL1I
/message?tp=ET&id=3GYLA5YAHONRPLL1I&df=3&ver=FFFF&lat=676798591&lon=197324543&app=TT&gd=N, ,3GYLA5YAHONRPLL1I
/message?tp=ET&id=3GYLA5YAHONRPLL1I&df=3&ver=FFFF&lat=676504703&lon=197152895&app=TT&gd=N, ,3GYLA5YAHONRPLL1I
/message?tp=ET&id=3GYLA5YAHONRPLL1I&df=3&ver=FFFF&lat=676201344&lon=197105663&app=TT&gd=N, ,3GYLA5YAHONRPLL1I
/message?tp=ET&id=3GYLA5YAHONRPLL1I&df=3&ver=FFFF&lat=676057856&lon=196693887&app=TT&gd=N, ,3GYLA5YAHONRPLL1I
/message?tp=ET&id=3GYLA5YAHONRPLL1I&df=3&ver=FFFF&lat=676084735&lon=196237951&app=TT&gd=N, ,3GYLA5YAHONRPLL1I
/message?tp=ET&id=3GYLA5YAHONRPLL1I&df=3&ver=FFFF&lat=676136703&lon=195967360&app=TT&gd=N, ,3GYLA5YAHONRPLL1I
/message?tp=ET&id=3GYLA5YAHONRPLL1I&df=3&ver=FFFF&lat=676275328&lon=195129087&app=TT&gd=N, ,3GYLA5YAHONRPLL1I
/message?tp=ET&id=3GYLA5YAHONRPLL1I&df=3&ver=FFFF&lat=676193407&lon=194801151&app=TT&gd=N, ,3GYLA5YAHONRPLL1I
/message?tp=ET&id=3GYLA5YAHONRPLL1I&df=3&ver=FFFF&lat=676098943&lon=194346240&app=TT&gd=N, ,3GYLA5YAHONRPLL1I
/message?tp=ET&id=3GYLA5YAHONRPLL1I&df=3&ver=FFFF&lat=675967360&lon=193893887&app=TT&gd=N, ,3GYLA5YAHONRPLL1I
/message?tp=ET&id=3GYLA5YAHONRPLL1I&df=3&ver=FFFF&lat=675746304&lon=193508736&app=TT&gd=N, ,3GYLA5YAHONRPLL1I
/message?tp=ET&id=3GYLA5YAHONRPLL1I&df=3&ver=FFFF&lat=675583360&lon=193104895&app=TT&gd=N, ,3GYLA5YAHONRPLL1I
/message?tp=ET&id=3GYLA5YAHONRPLL1I&df=3&ver=FFFF&lat=675426560&lon=192603520&app=TT&gd=N, ,3GYLA5YAHONRPLL1I
/message?tp=ET&id=3GYLA5YAHONRPLL1I&df=3&ver=FFFF&lat=675156864&lon=192349439&app=TT&gd=N, ,3GYLA5YAHONRPLL1I
/message?tp=ET&id=3GYLA5YAHONRPLL1I&df=3&ver=FFFF&lat=674918784&lon=192065280&app=TT&gd=N, ,3GYLA5YAHONRPLL1I
/message?tp=ET&id=3GYLA5YAHONRPLL1I&df=3&ver=FFFF&lat=674636671&lon=191896831&app=TT&gd=N, ,3GYLA5YAHONRPLL1I
/message?tp=ET&id=3GYLA5YAHONRPLL1I&df=3&ver=FFFF&lat=674561279&lon=191886591&app=TT&gd=N, ,3GYLA5YAHONRPLL1I


/message?tp=ET&id=GM681QLLPCYQ8A6X7&df=3&ver=FFFF&lat=540415355&lon=489826276&app=TT&gd=N, ,GM681QLLPCYQ8A6X7
/message?tp=ET&id=GM681QLLPCYQ8A6X7&df=3&ver=FFFF&lat=540553471&lon=490071807&app=TT&gd=N, ,GM681QLLPCYQ8A6X7
/message?tp=ET&id=GM681QLLPCYQ8A6X7&df=3&ver=FFFF&lat=540674175&lon=490335487&app=TT&gd=N, ,GM681QLLPCYQ8A6X7
/message?tp=ET&id=GM681QLLPCYQ8A6X7&df=3&ver=FFFF&lat=540898431&lon=490828159&app=TT&gd=N, ,GM681QLLPCYQ8A6X7
/message?tp=ET&id=GM681QLLPCYQ8A6X7&df=3&ver=FFFF&lat=541051135&lon=491191423&app=TT&gd=N, ,GM681QLLPCYQ8A6X7
/message?tp=ET&id=GM681QLLPCYQ8A6X7&df=3&ver=FFFF&lat=541017471&lon=491603327&app=TT&gd=N, ,GM681QLLPCYQ8A6X7
/message?tp=ET&id=GM681QLLPCYQ8A6X7&df=3&ver=FFFF&lat=541202176&lon=491720576&app=TT&gd=N, ,GM681QLLPCYQ8A6X7
/message?tp=ET&id=GM681QLLPCYQ8A6X7&df=3&ver=FFFF&lat=541571455&lon=491741823&app=TT&gd=N, ,GM681QLLPCYQ8A6X7
/message?tp=ET&id=GM681QLLPCYQ8A6X7&df=3&ver=FFFF&lat=541852160&lon=491729791&app=TT&gd=N, ,GM681QLLPCYQ8A6X7
/message?tp=ET&id=GM681QLLPCYQ8A6X7&df=3&ver=FFFF&lat=542113791&lon=491733632&app=TT&gd=N, ,GM681QLLPCYQ8A6X7
/message?tp=ET&id=GM681QLLPCYQ8A6X7&df=3&ver=FFFF&lat=542317824&lon=491568255&app=TT&gd=N, ,GM681QLLPCYQ8A6X7
/message?tp=ET&id=GM681QLLPCYQ8A6X7&df=3&ver=FFFF&lat=542362751&lon=491281791&app=TT&gd=N, ,GM681QLLPCYQ8A6X7
/message?tp=ET&id=GM681QLLPCYQ8A6X7&df=3&ver=FFFF&lat=542593663&lon=490866176&app=TT&gd=N, ,GM681QLLPCYQ8A6X7
/message?tp=ET&id=GM681QLLPCYQ8A6X7&df=3&ver=FFFF&lat=542561792&lon=490512639&app=TT&gd=N, ,GM681QLLPCYQ8A6X7
/message?tp=ET&id=GM681QLLPCYQ8A6X7&df=3&ver=FFFF&lat=542562559&lon=490160896&app=TT&gd=N, ,GM681QLLPCYQ8A6X7
/message?tp=ET&id=GM681QLLPCYQ8A6X7&df=3&ver=FFFF&lat=542603136&lon=489654272&app=TT&gd=N, ,GM681QLLPCYQ8A6X7
/message?tp=ET&id=GM681QLLPCYQ8A6X7&df=3&ver=FFFF&lat=542672255&lon=489300480&app=TT&gd=N, ,GM681QLLPCYQ8A6X7
/message?tp=ET&id=GM681QLLPCYQ8A6X7&df=3&ver=FFFF&lat=542675072&lon=488890623&app=TT&gd=N, ,GM681QLLPCYQ8A6X7
/message?tp=ET&id=GM681QLLPCYQ8A6X7&df=3&ver=FFFF&lat=542676607&lon=488610047&app=TT&gd=N, ,GM681QLLPCYQ8A6X7
/message?tp=ET&id=GM681QLLPCYQ8A6X7&df=3&ver=FFFF&lat=542679168&lon=488000384&app=TT&gd=N, ,GM681QLLPCYQ8A6X7
/message?tp=ET&id=GM681QLLPCYQ8A6X7&df=3&ver=FFFF&lat=542679807&lon=487849984&app=TT&gd=N, ,GM681QLLPCYQ8A6X7
/message?tp=ET&id=GM681QLLPCYQ8A6X7&df=3&ver=FFFF&lat=542663807&lon=487148799&app=TT&gd=N, ,GM681QLLPCYQ8A6X7
/message?tp=ET&id=GM681QLLPCYQ8A6X7&df=3&ver=FFFF&lat=542543232&lon=486854527&app=TT&gd=N, ,GM681QLLPCYQ8A6X7
/message?tp=ET&id=GM681QLLPCYQ8A6X7&df=3&ver=FFFF&lat=542542591&lon=486537856&app=TT&gd=N, ,GM681QLLPCYQ8A6X7


/message?tp=ET&id=VCGEQJM4F942SZAMG&df=3&ver=FFFF&lat=602974336&lon=30686720&app=TT&gd=N, ,VCGEQJM4F942SZAMG
/message?tp=ET&id=VCGEQJM4F942SZAMG&df=3&ver=FFFF&lat=603026943&lon=30253952&app=TT&gd=N, ,VCGEQJM4F942SZAMG
/message?tp=ET&id=VCGEQJM4F942SZAMG&df=3&ver=FFFF&lat=603106048&lon=29885823&app=TT&gd=N, ,VCGEQJM4F942SZAMG
/message?tp=ET&id=VCGEQJM4F942SZAMG&df=3&ver=FFFF&lat=603330815&lon=29545855&app=TT&gd=N, ,VCGEQJM4F942SZAMG
/message?tp=ET&id=VCGEQJM4F942SZAMG&df=3&ver=FFFF&lat=603162368&lon=29394815&app=TT&gd=N, ,VCGEQJM4F942SZAMG
/message?tp=ET&id=VCGEQJM4F942SZAMG&df=3&ver=FFFF&lat=603177600&lon=29090048&app=TT&gd=N, ,VCGEQJM4F942SZAMG
/message?tp=ET&id=VCGEQJM4F942SZAMG&df=3&ver=FFFF&lat=603244928&lon=28611584&app=TT&gd=N, ,VCGEQJM4F942SZAMG
/message?tp=ET&id=VCGEQJM4F942SZAMG&df=3&ver=FFFF&lat=603436416&lon=28280703&app=TT&gd=N, ,VCGEQJM4F942SZAMG
/message?tp=ET&id=VCGEQJM4F942SZAMG&df=3&ver=FFFF&lat=603688832&lon=28018560&app=TT&gd=N, ,VCGEQJM4F942SZAMG
/message?tp=ET&id=VCGEQJM4F942SZAMG&df=3&ver=FFFF&lat=603870464&lon=27636352&app=TT&gd=N, ,VCGEQJM4F942SZAMG
/message?tp=ET&id=VCGEQJM4F942SZAMG&df=3&ver=FFFF&lat=604082304&lon=27299199&app=TT&gd=N, ,VCGEQJM4F942SZAMG
/message?tp=ET&id=VCGEQJM4F942SZAMG&df=3&ver=FFFF&lat=604311423&lon=27006976&app=TT&gd=N, ,VCGEQJM4F942SZAMG
/message?tp=ET&id=VCGEQJM4F942SZAMG&df=3&ver=FFFF&lat=604582143&lon=26809088&app=TT&gd=N, ,VCGEQJM4F942SZAMG
/message?tp=ET&id=VCGEQJM4F942SZAMG&df=3&ver=FFFF&lat=604817280&lon=26547711&app=TT&gd=N, ,VCGEQJM4F942SZAMG
/message?tp=ET&id=VCGEQJM4F942SZAMG&df=3&ver=FFFF&lat=604987007&lon=26187904&app=TT&gd=N, ,VCGEQJM4F942SZAMG
/message?tp=ET&id=VCGEQJM4F942SZAMG&df=3&ver=FFFF&lat=605153408&lon=25843968&app=TT&gd=N, ,VCGEQJM4F942SZAMG
/message?tp=ET&id=VCGEQJM4F942SZAMG&df=3&ver=FFFF&lat=605387519&lon=25460992&app=TT&gd=N, ,VCGEQJM4F942SZAMG
/message?tp=ET&id=VCGEQJM4F942SZAMG&df=3&ver=FFFF&lat=605667967&lon=25265536&app=TT&gd=N, ,VCGEQJM4F942SZAMG
/message?tp=ET&id=VCGEQJM4F942SZAMG&df=3&ver=FFFF&lat=605941887&lon=25135616&app=TT&gd=N, ,VCGEQJM4F942SZAMG
/message?tp=ET&id=VCGEQJM4F942SZAMG&df=3&ver=FFFF&lat=606174463&lon=24882432&app=TT&gd=N, ,VCGEQJM4F942SZAMG
/message?tp=ET&id=VCGEQJM4F942SZAMG&df=3&ver=FFFF&lat=606383232&lon=24541056&app=TT&gd=N, ,VCGEQJM4F942SZAMG
/message?tp=ET&id=VCGEQJM4F942SZAMG&df=3&ver=FFFF&lat=606619520&lon=24280447&app=TT&gd=N, ,VCGEQJM4F942SZAMG
/message?tp=ET&id=VCGEQJM4F942SZAMG&df=3&ver=FFFF&lat=606880128&lon=24045055&app=TT&gd=N, ,VCGEQJM4F942SZAMG
/message?tp=ET&id=VCGEQJM4F942SZAMG&df=3&ver=FFFF&lat=606959743&lon=23982079&app=TT&gd=N, ,VCGEQJM4F942SZAMG


/message?tp=ET&id=KP99B42X04OB23LTP&df=3&ver=FFFF&lat=564561878&lon=1700831005&app=TT&gd=N, ,KP99B42X04OB23LTP
/message?tp=ET&id=KP99B42X04OB23LTP&df=3&ver=FFFF&lat=564386048&lon=1701036415&app=TT&gd=N, ,KP99B42X04OB23LTP
/message?tp=ET&id=KP99B42X04OB23LTP&df=3&ver=FFFF&lat=564491647&lon=1701446912&app=TT&gd=N, ,KP99B42X04OB23LTP
/message?tp=ET&id=KP99B42X04OB23LTP&df=3&ver=FFFF&lat=564594559&lon=1701834239&app=TT&gd=N, ,KP99B42X04OB23LTP
/message?tp=ET&id=KP99B42X04OB23LTP&df=3&ver=FFFF&lat=564598143&lon=1702234623&app=TT&gd=N, ,KP99B42X04OB23LTP
/message?tp=ET&id=KP99B42X04OB23LTP&df=3&ver=FFFF&lat=564702208&lon=1702696960&app=TT&gd=N, ,KP99B42X04OB23LTP
/message?tp=ET&id=KP99B42X04OB23LTP&df=3&ver=FFFF&lat=564697599&lon=1702953984&app=TT&gd=N, ,KP99B42X04OB23LTP
/message?tp=ET&id=KP99B42X04OB23LTP&df=3&ver=FFFF&lat=564662399&lon=1703566335&app=TT&gd=N, ,KP99B42X04OB23LTP
/message?tp=ET&id=KP99B42X04OB23LTP&df=3&ver=FFFF&lat=564429696&lon=1703345408&app=TT&gd=N, ,KP99B42X04OB23LTP
/message?tp=ET&id=KP99B42X04OB23LTP&df=3&ver=FFFF&lat=564162175&lon=1703229184&app=TT&gd=N, ,KP99B42X04OB23LTP
/message?tp=ET&id=KP99B42X04OB23LTP&df=3&ver=FFFF&lat=563882495&lon=1703142656&app=TT&gd=N, ,KP99B42X04OB23LTP
/message?tp=ET&id=KP99B42X04OB23LTP&df=3&ver=FFFF&lat=563582720&lon=1703034111&app=TT&gd=N, ,KP99B42X04OB23LTP
/message?tp=ET&id=KP99B42X04OB23LTP&df=3&ver=FFFF&lat=563383424&lon=1703010431&app=TT&gd=N, ,KP99B42X04OB23LTP
/message?tp=ET&id=KP99B42X04OB23LTP&df=3&ver=FFFF&lat=562974464&lon=1703066752&app=TT&gd=N, ,KP99B42X04OB23LTP
/message?tp=ET&id=KP99B42X04OB23LTP&df=3&ver=FFFF&lat=562670592&lon=1703117696&app=TT&gd=N, ,KP99B42X04OB23LTP
/message?tp=ET&id=KP99B42X04OB23LTP&df=3&ver=FFFF&lat=562372351&lon=1703133568&app=TT&gd=N, ,KP99B42X04OB23LTP
/message?tp=ET&id=KP99B42X04OB23LTP&df=3&ver=FFFF&lat=562128512&lon=1703118463&app=TT&gd=N, ,KP99B42X04OB23LTP
/message?tp=ET&id=KP99B42X04OB23LTP&df=3&ver=FFFF&lat=561780351&lon=1703107456&app=TT&gd=N, ,KP99B42X04OB23LTP
/message?tp=ET&id=KP99B42X04OB23LTP&df=3&ver=FFFF&lat=561560575&lon=1702892799&app=TT&gd=N, ,KP99B42X04OB23LTP
/message?tp=ET&id=KP99B42X04OB23LTP&df=3&ver=FFFF&lat=561241343&lon=1702853120&app=TT&gd=N, ,KP99B42X04OB23LTP
/message?tp=ET&id=KP99B42X04OB23LTP&df=3&ver=FFFF&lat=561090943&lon=1702902016&app=TT&gd=N, ,KP99B42X04OB23LTP
/message?tp=ET&id=KP99B42X04OB23LTP&df=3&ver=FFFF&lat=560769151&lon=1702665728&app=TT&gd=N, ,KP99B42X04OB23LTP
/message?tp=ET&id=KP99B42X04OB23LTP&df=3&ver=FFFF&lat=560481792&lon=1702733312&app=TT&gd=N, ,KP99B42X04OB23LTP
/message?tp=ET&id=KP99B42X04OB23LTP&df=3&ver=FFFF&lat=560419711&lon=1702748928&app=TT&gd=N, ,KP99B42X04OB23LTP


/message?tp=ET&id=8NUWBXFZA6955G26X&df=3&ver=FFFF&lat=572169049&lon=92552142&app=TT&gd=N, ,8NUWBXFZA6955G26X
/message?tp=ET&id=8NUWBXFZA6955G26X&df=3&ver=FFFF&lat=572133503&lon=92218495&app=TT&gd=N, ,8NUWBXFZA6955G26X
/message?tp=ET&id=8NUWBXFZA6955G26X&df=3&ver=FFFF&lat=572122752&lon=91815807&app=TT&gd=N, ,8NUWBXFZA6955G26X
/message?tp=ET&id=8NUWBXFZA6955G26X&df=3&ver=FFFF&lat=572009215&lon=91580031&app=TT&gd=N, ,8NUWBXFZA6955G26X
/message?tp=ET&id=8NUWBXFZA6955G26X&df=3&ver=FFFF&lat=572034304&lon=91226112&app=TT&gd=N, ,8NUWBXFZA6955G26X
/message?tp=ET&id=8NUWBXFZA6955G26X&df=3&ver=FFFF&lat=571890560&lon=90825728&app=TT&gd=N, ,8NUWBXFZA6955G26X
/message?tp=ET&id=8NUWBXFZA6955G26X&df=3&ver=FFFF&lat=571663744&lon=90587264&app=TT&gd=N, ,8NUWBXFZA6955G26X
/message?tp=ET&id=8NUWBXFZA6955G26X&df=3&ver=FFFF&lat=571352960&lon=90448896&app=TT&gd=N, ,8NUWBXFZA6955G26X
/message?tp=ET&id=8NUWBXFZA6955G26X&df=3&ver=FFFF&lat=571077887&lon=90276992&app=TT&gd=N, ,8NUWBXFZA6955G26X
/message?tp=ET&id=8NUWBXFZA6955G26X&df=3&ver=FFFF&lat=570776575&lon=90272383&app=TT&gd=N, ,8NUWBXFZA6955G26X
/message?tp=ET&id=8NUWBXFZA6955G26X&df=3&ver=FFFF&lat=570497152&lon=90147840&app=TT&gd=N, ,8NUWBXFZA6955G26X
/message?tp=ET&id=8NUWBXFZA6955G26X&df=3&ver=FFFF&lat=570228480&lon=89969279&app=TT&gd=N, ,8NUWBXFZA6955G26X
/message?tp=ET&id=8NUWBXFZA6955G26X&df=3&ver=FFFF&lat=569985792&lon=89793152&app=TT&gd=N, ,8NUWBXFZA6955G26X
/message?tp=ET&id=8NUWBXFZA6955G26X&df=3&ver=FFFF&lat=570048127&lon=89396223&app=TT&gd=N, ,8NUWBXFZA6955G26X
/message?tp=ET&id=8NUWBXFZA6955G26X&df=3&ver=FFFF&lat=570141696&lon=88930688&app=TT&gd=N, ,8NUWBXFZA6955G26X
/message?tp=ET&id=8NUWBXFZA6955G26X&df=3&ver=FFFF&lat=570117120&lon=88517504&app=TT&gd=N, ,8NUWBXFZA6955G26X
/message?tp=ET&id=8NUWBXFZA6955G26X&df=3&ver=FFFF&lat=569970559&lon=88105343&app=TT&gd=N, ,8NUWBXFZA6955G26X
/message?tp=ET&id=8NUWBXFZA6955G26X&df=3&ver=FFFF&lat=569958272&lon=87671808&app=TT&gd=N, ,8NUWBXFZA6955G26X
/message?tp=ET&id=8NUWBXFZA6955G26X&df=3&ver=FFFF&lat=569826175&lon=87281151&app=TT&gd=N, ,8NUWBXFZA6955G26X
/message?tp=ET&id=8NUWBXFZA6955G26X&df=3&ver=FFFF&lat=569687936&lon=86916095&app=TT&gd=N, ,8NUWBXFZA6955G26X
/message?tp=ET&id=8NUWBXFZA6955G26X&df=3&ver=FFFF&lat=569590143&lon=86468992&app=TT&gd=N, ,8NUWBXFZA6955G26X
/message?tp=ET&id=8NUWBXFZA6955G26X&df=3&ver=FFFF&lat=569518079&lon=86051839&app=TT&gd=N, ,8NUWBXFZA6955G26X
/message?tp=ET&id=8NUWBXFZA6955G26X&df=3&ver=FFFF&lat=569421184&lon=85622143&app=TT&gd=N, ,8NUWBXFZA6955G26X
/message?tp=ET&id=8NUWBXFZA6955G26X&df=3&ver=FFFF&lat=569390719&lon=85485696&app=TT&gd=N, ,8NUWBXFZA6955G26X


/message?tp=ET&id=TV23UY95SZROORMX9&df=3&ver=FFFF&lat=650231189&lon=-69095670&app=TT&gd=N, ,TV23UY95SZROORMX9
/message?tp=ET&id=TV23UY95SZROORMX9&df=3&ver=FFFF&lat=650491391&lon=-69330559&app=TT&gd=N, ,TV23UY95SZROORMX9
/message?tp=ET&id=TV23UY95SZROORMX9&df=3&ver=FFFF&lat=650728831&lon=-69609088&app=TT&gd=N, ,TV23UY95SZROORMX9
/message?tp=ET&id=TV23UY95SZROORMX9&df=3&ver=FFFF&lat=650972800&lon=-69892991&app=TT&gd=N, ,TV23UY95SZROORMX9
/message?tp=ET&id=TV23UY95SZROORMX9&df=3&ver=FFFF&lat=651174784&lon=-70148223&app=TT&gd=N, ,TV23UY95SZROORMX9
/message?tp=ET&id=TV23UY95SZROORMX9&df=3&ver=FFFF&lat=651383040&lon=-70539648&app=TT&gd=N, ,TV23UY95SZROORMX9
/message?tp=ET&id=TV23UY95SZROORMX9&df=3&ver=FFFF&lat=651623807&lon=-70637951&app=TT&gd=N, ,TV23UY95SZROORMX9
/message?tp=ET&id=TV23UY95SZROORMX9&df=3&ver=FFFF&lat=651917183&lon=-70597376&app=TT&gd=N, ,TV23UY95SZROORMX9
/message?tp=ET&id=TV23UY95SZROORMX9&df=3&ver=FFFF&lat=652146048&lon=-70895488&app=TT&gd=N, ,TV23UY95SZROORMX9
/message?tp=ET&id=TV23UY95SZROORMX9&df=3&ver=FFFF&lat=652307455&lon=-71311488&app=TT&gd=N, ,TV23UY95SZROORMX9
/message?tp=ET&id=TV23UY95SZROORMX9&df=3&ver=FFFF&lat=652558464&lon=-71218816&app=TT&gd=N, ,TV23UY95SZROORMX9
/message?tp=ET&id=TV23UY95SZROORMX9&df=3&ver=FFFF&lat=652875903&lon=-71212287&app=TT&gd=N, ,TV23UY95SZROORMX9
/message?tp=ET&id=TV23UY95SZROORMX9&df=3&ver=FFFF&lat=653078911&lon=-71135871&app=TT&gd=N, ,TV23UY95SZROORMX9
/message?tp=ET&id=TV23UY95SZROORMX9&df=3&ver=FFFF&lat=653451775&lon=-71149440&app=TT&gd=N, ,TV23UY95SZROORMX9
/message?tp=ET&id=TV23UY95SZROORMX9&df=3&ver=FFFF&lat=653665663&lon=-70845183&app=TT&gd=N, ,TV23UY95SZROORMX9
/message?tp=ET&id=TV23UY95SZROORMX9&df=3&ver=FFFF&lat=653896320&lon=-70498176&app=TT&gd=N, ,TV23UY95SZROORMX9
/message?tp=ET&id=TV23UY95SZROORMX9&df=3&ver=FFFF&lat=654127488&lon=-70175743&app=TT&gd=N, ,TV23UY95SZROORMX9
/message?tp=ET&id=TV23UY95SZROORMX9&df=3&ver=FFFF&lat=654312576&lon=-69772160&app=TT&gd=N, ,TV23UY95SZROORMX9
/message?tp=ET&id=TV23UY95SZROORMX9&df=3&ver=FFFF&lat=654337408&lon=-69344256&app=TT&gd=N, ,TV23UY95SZROORMX9
/message?tp=ET&id=TV23UY95SZROORMX9&df=3&ver=FFFF&lat=654503168&lon=-69057151&app=TT&gd=N, ,TV23UY95SZROORMX9
/message?tp=ET&id=TV23UY95SZROORMX9&df=3&ver=FFFF&lat=654587520&lon=-68795136&app=TT&gd=N, ,TV23UY95SZROORMX9
/message?tp=ET&id=TV23UY95SZROORMX9&df=3&ver=FFFF&lat=654599679&lon=-68535936&app=TT&gd=N, ,TV23UY95SZROORMX9
/message?tp=ET&id=TV23UY95SZROORMX9&df=3&ver=FFFF&lat=654599679&lon=-68535936&app=TT&gd=N, ,TV23UY95SZROORMX9
/message?tp=ET&id=TV23UY95SZROORMX9&df=3&ver=FFFF&lat=654599679&lon=-68535936&app=TT&gd=N, ,TV23UY95SZROORMX9
/message?tp=ET&id=TV23UY95SZROORMX9&df=3&ver=FFFF&lat=654599679&lon=-68535936&app=TT&gd=N, ,TV23UY95SZROORMX9
/message?tp=ET&id=TV23UY95SZROORMX9&df=3&ver=FFFF&lat=654599679&lon=-68535936&app=TT&gd=N, ,TV23UY95SZROORMX9
/message?tp=ET&id=TV23UY95SZROORMX9&df=3&ver=FFFF&lat=654599679&lon=-68535936&app=TT&gd=N, ,TV23UY95SZROORMX9
/message?tp=ET&id=TV23UY95SZROORMX9&df=3&ver=FFFF&lat=654715007&lon=-65331199&app=TT&gd=N, ,TV23UY95SZROORMX9


/message?tp=ET&id=S0P3ZAYR2DU8D62SE&df=1&ver=CCCC&lat=521407538&lon=532027658&app=TT&gd=N, ,S0P3ZAYR2DU8D62SE
/message?tp=ET&id=S0P3ZAYR2DU8D62SE&df=1&ver=CCCC&lat=521405567&lon=531768704&app=TT&gd=N, ,S0P3ZAYR2DU8D62SE
/message?tp=ET&id=S0P3ZAYR2DU8D62SE&df=1&ver=CCCC&lat=521295232&lon=531313023&app=TT&gd=N, ,S0P3ZAYR2DU8D62SE
/message?tp=ET&id=S0P3ZAYR2DU8D62SE&df=1&ver=CCCC&lat=521451392&lon=531113216&app=TT&gd=N, ,S0P3ZAYR2DU8D62SE
/message?tp=ET&id=S0P3ZAYR2DU8D62SE&df=1&ver=CCCC&lat=521664896&lon=531311104&app=TT&gd=N, ,S0P3ZAYR2DU8D62SE
/message?tp=ET&id=S0P3ZAYR2DU8D62SE&df=1&ver=CCCC&lat=521885952&lon=531398912&app=TT&gd=N, ,S0P3ZAYR2DU8D62SE
/message?tp=ET&id=S0P3ZAYR2DU8D62SE&df=1&ver=CCCC&lat=521984896&lon=531336959&app=TT&gd=N, ,S0P3ZAYR2DU8D62SE
/message?tp=ET&id=S0P3ZAYR2DU8D62SE&df=1&ver=CCCC&lat=521987839&lon=530841599&app=TT&gd=N, ,S0P3ZAYR2DU8D62SE
/message?tp=ET&id=S0P3ZAYR2DU8D62SE&df=1&ver=CCCC&lat=521989247&lon=530576384&app=TT&gd=N, ,S0P3ZAYR2DU8D62SE
/message?tp=ET&id=S0P3ZAYR2DU8D62SE&df=1&ver=CCCC&lat=521992703&lon=529958783&app=TT&gd=N, ,S0P3ZAYR2DU8D62SE
/message?tp=ET&id=S0P3ZAYR2DU8D62SE&df=1&ver=CCCC&lat=522027007&lon=529698559&app=TT&gd=N, ,S0P3ZAYR2DU8D62SE
/message?tp=ET&id=S0P3ZAYR2DU8D62SE&df=1&ver=CCCC&lat=522097280&lon=529144703&app=TT&gd=N, ,S0P3ZAYR2DU8D62SE
/message?tp=ET&id=S0P3ZAYR2DU8D62SE&df=1&ver=CCCC&lat=522141567&lon=528847359&app=TT&gd=N, ,S0P3ZAYR2DU8D62SE
/message?tp=ET&id=S0P3ZAYR2DU8D62SE&df=1&ver=CCCC&lat=522190080&lon=528482304&app=TT&gd=N, ,S0P3ZAYR2DU8D62SE
/message?tp=ET&id=S0P3ZAYR2DU8D62SE&df=1&ver=CCCC&lat=522251135&lon=528017792&app=TT&gd=N, ,S0P3ZAYR2DU8D62SE
/message?tp=ET&id=S0P3ZAYR2DU8D62SE&df=1&ver=CCCC&lat=522320255&lon=527596927&app=TT&gd=N, ,S0P3ZAYR2DU8D62SE
/message?tp=ET&id=S0P3ZAYR2DU8D62SE&df=1&ver=CCCC&lat=522368896&lon=527223551&app=TT&gd=N, ,S0P3ZAYR2DU8D62SE
/message?tp=ET&id=S0P3ZAYR2DU8D62SE&df=1&ver=CCCC&lat=522394495&lon=526800256&app=TT&gd=N, ,S0P3ZAYR2DU8D62SE
/message?tp=ET&id=S0P3ZAYR2DU8D62SE&df=1&ver=CCCC&lat=522245375&lon=526356480&app=TT&gd=N, ,S0P3ZAYR2DU8D62SE
/message?tp=ET&id=S0P3ZAYR2DU8D62SE&df=1&ver=CCCC&lat=522110720&lon=525986431&app=TT&gd=N, ,S0P3ZAYR2DU8D62SE
/message?tp=ET&id=S0P3ZAYR2DU8D62SE&df=1&ver=CCCC&lat=522130048&lon=525676800&app=TT&gd=N, ,S0P3ZAYR2DU8D62SE
/message?tp=ET&id=S0P3ZAYR2DU8D62SE&df=1&ver=CCCC&lat=522171263&lon=525270399&app=TT&gd=N, ,S0P3ZAYR2DU8D62SE
/message?tp=ET&id=S0P3ZAYR2DU8D62SE&df=1&ver=CCCC&lat=522282239&lon=524892800&app=TT&gd=N, ,S0P3ZAYR2DU8D62SE
/message?tp=ET&id=S0P3ZAYR2DU8D62SE&df=1&ver=CCCC&lat=522292224&lon=524792319&app=TT&gd=N, ,S0P3ZAYR2DU8D62SE


/message?tp=ET&id=73Q1Q4RCP617JUQPQ&df=1&ver=CCCC&lat=606861951&lon=155294975&app=TT&gd=N, ,73Q1Q4RCP617JUQPQ
/message?tp=ET&id=73Q1Q4RCP617JUQPQ&df=1&ver=CCCC&lat=606819839&lon=155577343&app=TT&gd=N, ,73Q1Q4RCP617JUQPQ
/message?tp=ET&id=73Q1Q4RCP617JUQPQ&df=1&ver=CCCC&lat=606713343&lon=155987071&app=TT&gd=N, ,73Q1Q4RCP617JUQPQ
/message?tp=ET&id=73Q1Q4RCP617JUQPQ&df=1&ver=CCCC&lat=606501504&lon=156107263&app=TT&gd=N, ,73Q1Q4RCP617JUQPQ
/message?tp=ET&id=73Q1Q4RCP617JUQPQ&df=1&ver=CCCC&lat=606309759&lon=156299648&app=TT&gd=N, ,73Q1Q4RCP617JUQPQ
/message?tp=ET&id=73Q1Q4RCP617JUQPQ&df=1&ver=CCCC&lat=606012415&lon=156373376&app=TT&gd=N, ,73Q1Q4RCP617JUQPQ
/message?tp=ET&id=73Q1Q4RCP617JUQPQ&df=1&ver=CCCC&lat=605794047&lon=156528896&app=TT&gd=N, ,73Q1Q4RCP617JUQPQ
/message?tp=ET&id=73Q1Q4RCP617JUQPQ&df=1&ver=CCCC&lat=605528320&lon=156674304&app=TT&gd=N, ,73Q1Q4RCP617JUQPQ
/message?tp=ET&id=73Q1Q4RCP617JUQPQ&df=1&ver=CCCC&lat=605248640&lon=156645120&app=TT&gd=N, ,73Q1Q4RCP617JUQPQ
/message?tp=ET&id=73Q1Q4RCP617JUQPQ&df=1&ver=CCCC&lat=605057536&lon=156284160&app=TT&gd=N, ,73Q1Q4RCP617JUQPQ
/message?tp=ET&id=73Q1Q4RCP617JUQPQ&df=1&ver=CCCC&lat=604793599&lon=156442495&app=TT&gd=N, ,73Q1Q4RCP617JUQPQ
/message?tp=ET&id=73Q1Q4RCP617JUQPQ&df=1&ver=CCCC&lat=604522239&lon=156639103&app=TT&gd=N, ,73Q1Q4RCP617JUQPQ
/message?tp=ET&id=73Q1Q4RCP617JUQPQ&df=1&ver=CCCC&lat=604481152&lon=157042047&app=TT&gd=N, ,73Q1Q4RCP617JUQPQ
/message?tp=ET&id=73Q1Q4RCP617JUQPQ&df=1&ver=CCCC&lat=604268672&lon=157336959&app=TT&gd=N, ,73Q1Q4RCP617JUQPQ
/message?tp=ET&id=73Q1Q4RCP617JUQPQ&df=1&ver=CCCC&lat=604104959&lon=157015167&app=TT&gd=N, ,73Q1Q4RCP617JUQPQ
/message?tp=ET&id=73Q1Q4RCP617JUQPQ&df=1&ver=CCCC&lat=603811199&lon=157042687&app=TT&gd=N, ,73Q1Q4RCP617JUQPQ
/message?tp=ET&id=73Q1Q4RCP617JUQPQ&df=1&ver=CCCC&lat=603555328&lon=157279615&app=TT&gd=N, ,73Q1Q4RCP617JUQPQ
/message?tp=ET&id=73Q1Q4RCP617JUQPQ&df=1&ver=CCCC&lat=603359104&lon=157611904&app=TT&gd=N, ,73Q1Q4RCP617JUQPQ
/message?tp=ET&id=73Q1Q4RCP617JUQPQ&df=1&ver=CCCC&lat=603081344&lon=157755903&app=TT&gd=N, ,73Q1Q4RCP617JUQPQ
/message?tp=ET&id=73Q1Q4RCP617JUQPQ&df=1&ver=CCCC&lat=602813184&lon=157876992&app=TT&gd=N, ,73Q1Q4RCP617JUQPQ
/message?tp=ET&id=73Q1Q4RCP617JUQPQ&df=1&ver=CCCC&lat=602578047&lon=158132608&app=TT&gd=N, ,73Q1Q4RCP617JUQPQ
/message?tp=ET&id=73Q1Q4RCP617JUQPQ&df=1&ver=CCCC&lat=602366847&lon=158343808&app=TT&gd=N, ,73Q1Q4RCP617JUQPQ
/message?tp=ET&id=73Q1Q4RCP617JUQPQ&df=1&ver=CCCC&lat=602289408&lon=158868480&app=TT&gd=N, ,73Q1Q4RCP617JUQPQ
/message?tp=ET&id=73Q1Q4RCP617JUQPQ&df=1&ver=CCCC&lat=602240767&lon=158945664&app=TT&gd=N, ,73Q1Q4RCP617JUQPQ


/message?tp=ET&id=4EOEW6TX8FDCHA7WL&df=1&ver=CCCC&lat=523653827&lon=149244278&app=TT&gd=N, ,4EOEW6TX8FDCHA7WL
/message?tp=ET&id=4EOEW6TX8FDCHA7WL&df=1&ver=CCCC&lat=523731839&lon=149106687&app=TT&gd=N, ,4EOEW6TX8FDCHA7WL
/message?tp=ET&id=4EOEW6TX8FDCHA7WL&df=1&ver=CCCC&lat=523897216&lon=149347711&app=TT&gd=N, ,4EOEW6TX8FDCHA7WL
/message?tp=ET&id=4EOEW6TX8FDCHA7WL&df=1&ver=CCCC&lat=524049279&lon=149242752&app=TT&gd=N, ,4EOEW6TX8FDCHA7WL
/message?tp=ET&id=4EOEW6TX8FDCHA7WL&df=1&ver=CCCC&lat=524163711&lon=149241215&app=TT&gd=N, ,4EOEW6TX8FDCHA7WL
/message?tp=ET&id=4EOEW6TX8FDCHA7WL&df=1&ver=CCCC&lat=524378368&lon=149425664&app=TT&gd=N, ,4EOEW6TX8FDCHA7WL
/message?tp=ET&id=4EOEW6TX8FDCHA7WL&df=1&ver=CCCC&lat=524595072&lon=149294336&app=TT&gd=N, ,4EOEW6TX8FDCHA7WL
/message?tp=ET&id=4EOEW6TX8FDCHA7WL&df=1&ver=CCCC&lat=524756736&lon=149572608&app=TT&gd=N, ,4EOEW6TX8FDCHA7WL
/message?tp=ET&id=4EOEW6TX8FDCHA7WL&df=1&ver=CCCC&lat=524963072&lon=149643136&app=TT&gd=N, ,4EOEW6TX8FDCHA7WL
/message?tp=ET&id=4EOEW6TX8FDCHA7WL&df=1&ver=CCCC&lat=525248000&lon=149735936&app=TT&gd=N, ,4EOEW6TX8FDCHA7WL
/message?tp=ET&id=4EOEW6TX8FDCHA7WL&df=1&ver=CCCC&lat=525418112&lon=149877375&app=TT&gd=N, ,4EOEW6TX8FDCHA7WL
/message?tp=ET&id=4EOEW6TX8FDCHA7WL&df=1&ver=CCCC&lat=525527807&lon=149494655&app=TT&gd=N, ,4EOEW6TX8FDCHA7WL
/message?tp=ET&id=4EOEW6TX8FDCHA7WL&df=1&ver=CCCC&lat=525701887&lon=149099776&app=TT&gd=N, ,4EOEW6TX8FDCHA7WL
/message?tp=ET&id=4EOEW6TX8FDCHA7WL&df=1&ver=CCCC&lat=525894656&lon=148881279&app=TT&gd=N, ,4EOEW6TX8FDCHA7WL
/message?tp=ET&id=4EOEW6TX8FDCHA7WL&df=1&ver=CCCC&lat=526095615&lon=148507264&app=TT&gd=N, ,4EOEW6TX8FDCHA7WL
/message?tp=ET&id=4EOEW6TX8FDCHA7WL&df=1&ver=CCCC&lat=526237183&lon=148238079&app=TT&gd=N, ,4EOEW6TX8FDCHA7WL
/message?tp=ET&id=4EOEW6TX8FDCHA7WL&df=1&ver=CCCC&lat=526387199&lon=147811071&app=TT&gd=N, ,4EOEW6TX8FDCHA7WL
/message?tp=ET&id=4EOEW6TX8FDCHA7WL&df=1&ver=CCCC&lat=526543360&lon=147541631&app=TT&gd=N, ,4EOEW6TX8FDCHA7WL
/message?tp=ET&id=4EOEW6TX8FDCHA7WL&df=1&ver=CCCC&lat=526684032&lon=147084544&app=TT&gd=N, ,4EOEW6TX8FDCHA7WL
/message?tp=ET&id=4EOEW6TX8FDCHA7WL&df=1&ver=CCCC&lat=526866048&lon=146799744&app=TT&gd=N, ,4EOEW6TX8FDCHA7WL
/message?tp=ET&id=4EOEW6TX8FDCHA7WL&df=1&ver=CCCC&lat=527026176&lon=146412928&app=TT&gd=N, ,4EOEW6TX8FDCHA7WL
/message?tp=ET&id=4EOEW6TX8FDCHA7WL&df=1&ver=CCCC&lat=527170432&lon=146095104&app=TT&gd=N, ,4EOEW6TX8FDCHA7WL
/message?tp=ET&id=4EOEW6TX8FDCHA7WL&df=1&ver=CCCC&lat=527330688&lon=145697279&app=TT&gd=N, ,4EOEW6TX8FDCHA7WL
/message?tp=ET&id=4EOEW6TX8FDCHA7WL&df=1&ver=CCCC&lat=527402112&lon=145512575&app=TT&gd=N, ,4EOEW6TX8FDCHA7WL


/message?tp=ET&id=AVET2EYE8O23T2GUK&df=5&ver=XXXX&lat=650811698&lon=113334329&app=TT&gd=Z, ,AVET2EYE8O23T2GUK
/message?tp=ET&id=AVET2EYE8O23T2GUK&df=5&ver=XXXX&lat=650594815&lon=113207807&app=TT&gd=Z, ,AVET2EYE8O23T2GUK
/message?tp=ET&id=AVET2EYE8O23T2GUK&df=5&ver=XXXX&lat=650338303&lon=113324288&app=TT&gd=Z, ,AVET2EYE8O23T2GUK
/message?tp=ET&id=AVET2EYE8O23T2GUK&df=5&ver=XXXX&lat=650095871&lon=113636095&app=TT&gd=Z, ,AVET2EYE8O23T2GUK
/message?tp=ET&id=AVET2EYE8O23T2GUK&df=5&ver=XXXX&lat=649876864&lon=113967231&app=TT&gd=Z, ,AVET2EYE8O23T2GUK
/message?tp=ET&id=AVET2EYE8O23T2GUK&df=5&ver=XXXX&lat=649643519&lon=114324607&app=TT&gd=Z, ,AVET2EYE8O23T2GUK
/message?tp=ET&id=AVET2EYE8O23T2GUK&df=5&ver=XXXX&lat=649393791&lon=114483839&app=TT&gd=Z, ,AVET2EYE8O23T2GUK
/message?tp=ET&id=AVET2EYE8O23T2GUK&df=5&ver=XXXX&lat=649148928&lon=114771967&app=TT&gd=Z, ,AVET2EYE8O23T2GUK
/message?tp=ET&id=AVET2EYE8O23T2GUK&df=5&ver=XXXX&lat=648910464&lon=115139967&app=TT&gd=Z, ,AVET2EYE8O23T2GUK
/message?tp=ET&id=AVET2EYE8O23T2GUK&df=5&ver=XXXX&lat=648647680&lon=115323647&app=TT&gd=Z, ,AVET2EYE8O23T2GUK
/message?tp=ET&id=AVET2EYE8O23T2GUK&df=5&ver=XXXX&lat=648435968&lon=115631231&app=TT&gd=Z, ,AVET2EYE8O23T2GUK
/message?tp=ET&id=AVET2EYE8O23T2GUK&df=5&ver=XXXX&lat=648199808&lon=116041728&app=TT&gd=Z, ,AVET2EYE8O23T2GUK
/message?tp=ET&id=AVET2EYE8O23T2GUK&df=5&ver=XXXX&lat=647958655&lon=116316544&app=TT&gd=Z, ,AVET2EYE8O23T2GUK
/message?tp=ET&id=AVET2EYE8O23T2GUK&df=5&ver=XXXX&lat=647688319&lon=116511744&app=TT&gd=Z, ,AVET2EYE8O23T2GUK
/message?tp=ET&id=AVET2EYE8O23T2GUK&df=5&ver=XXXX&lat=647424896&lon=116783231&app=TT&gd=Z, ,AVET2EYE8O23T2GUK
/message?tp=ET&id=AVET2EYE8O23T2GUK&df=5&ver=XXXX&lat=647176959&lon=117097087&app=TT&gd=Z, ,AVET2EYE8O23T2GUK
/message?tp=ET&id=AVET2EYE8O23T2GUK&df=5&ver=XXXX&lat=646971391&lon=117383552&app=TT&gd=Z, ,AVET2EYE8O23T2GUK
/message?tp=ET&id=AVET2EYE8O23T2GUK&df=5&ver=XXXX&lat=646732927&lon=117734399&app=TT&gd=Z, ,AVET2EYE8O23T2GUK
/message?tp=ET&id=AVET2EYE8O23T2GUK&df=5&ver=XXXX&lat=646552319&lon=118151295&app=TT&gd=Z, ,AVET2EYE8O23T2GUK
/message?tp=ET&id=AVET2EYE8O23T2GUK&df=5&ver=XXXX&lat=646444288&lon=118607615&app=TT&gd=Z, ,AVET2EYE8O23T2GUK
/message?tp=ET&id=AVET2EYE8O23T2GUK&df=5&ver=XXXX&lat=646188415&lon=118861824&app=TT&gd=Z, ,AVET2EYE8O23T2GUK
/message?tp=ET&id=AVET2EYE8O23T2GUK&df=5&ver=XXXX&lat=645877631&lon=118839040&app=TT&gd=Z, ,AVET2EYE8O23T2GUK
/message?tp=ET&id=AVET2EYE8O23T2GUK&df=5&ver=XXXX&lat=645640191&lon=118698239&app=TT&gd=Z, ,AVET2EYE8O23T2GUK
/message?tp=ET&id=AVET2EYE8O23T2GUK&df=5&ver=XXXX&lat=645477888&lon=118572416&app=TT&gd=Z, ,AVET2EYE8O23T2GUK


/message?tp=ET&id=E551W4LWUM597CM51&df=5&ver=XXXX&lat=582396466&lon=149962912&app=TT&gd=Z, ,E551W4LWUM597CM51
/message?tp=ET&id=E551W4LWUM597CM51&df=5&ver=XXXX&lat=582685311&lon=150019327&app=TT&gd=Z, ,E551W4LWUM597CM51
/message?tp=ET&id=E551W4LWUM597CM51&df=5&ver=XXXX&lat=582904192&lon=149939712&app=TT&gd=Z, ,E551W4LWUM597CM51
/message?tp=ET&id=E551W4LWUM597CM51&df=5&ver=XXXX&lat=583142911&lon=149661312&app=TT&gd=Z, ,E551W4LWUM597CM51
/message?tp=ET&id=E551W4LWUM597CM51&df=5&ver=XXXX&lat=583221248&lon=149242368&app=TT&gd=Z, ,E551W4LWUM597CM51
/message?tp=ET&id=E551W4LWUM597CM51&df=5&ver=XXXX&lat=583440767&lon=148991359&app=TT&gd=Z, ,E551W4LWUM597CM51
/message?tp=ET&id=E551W4LWUM597CM51&df=5&ver=XXXX&lat=583478015&lon=148543359&app=TT&gd=Z, ,E551W4LWUM597CM51
/message?tp=ET&id=E551W4LWUM597CM51&df=5&ver=XXXX&lat=583637375&lon=148178175&app=TT&gd=Z, ,E551W4LWUM597CM51
/message?tp=ET&id=E551W4LWUM597CM51&df=5&ver=XXXX&lat=583909375&lon=148059392&app=TT&gd=Z, ,E551W4LWUM597CM51
/message?tp=ET&id=E551W4LWUM597CM51&df=5&ver=XXXX&lat=584108799&lon=147764608&app=TT&gd=Z, ,E551W4LWUM597CM51
/message?tp=ET&id=E551W4LWUM597CM51&df=5&ver=XXXX&lat=584115967&lon=147346944&app=TT&gd=Z, ,E551W4LWUM597CM51
/message?tp=ET&id=E551W4LWUM597CM51&df=5&ver=XXXX&lat=584241535&lon=146942464&app=TT&gd=Z, ,E551W4LWUM597CM51
/message?tp=ET&id=E551W4LWUM597CM51&df=5&ver=XXXX&lat=584332800&lon=146541183&app=TT&gd=Z, ,E551W4LWUM597CM51
/message?tp=ET&id=E551W4LWUM597CM51&df=5&ver=XXXX&lat=584458880&lon=146104448&app=TT&gd=Z, ,E551W4LWUM597CM51
/message?tp=ET&id=E551W4LWUM597CM51&df=5&ver=XXXX&lat=584525183&lon=145739136&app=TT&gd=Z, ,E551W4LWUM597CM51
/message?tp=ET&id=E551W4LWUM597CM51&df=5&ver=XXXX&lat=584600448&lon=145289984&app=TT&gd=Z, ,E551W4LWUM597CM51
/message?tp=ET&id=E551W4LWUM597CM51&df=5&ver=XXXX&lat=584553216&lon=144846847&app=TT&gd=Z, ,E551W4LWUM597CM51
/message?tp=ET&id=E551W4LWUM597CM51&df=5&ver=XXXX&lat=584495359&lon=144399872&app=TT&gd=Z, ,E551W4LWUM597CM51
/message?tp=ET&id=E551W4LWUM597CM51&df=5&ver=XXXX&lat=584487680&lon=143954431&app=TT&gd=Z, ,E551W4LWUM597CM51
/message?tp=ET&id=E551W4LWUM597CM51&df=5&ver=XXXX&lat=584564607&lon=143595136&app=TT&gd=Z, ,E551W4LWUM597CM51
/message?tp=ET&id=E551W4LWUM597CM51&df=5&ver=XXXX&lat=584577407&lon=143216383&app=TT&gd=Z, ,E551W4LWUM597CM51
/message?tp=ET&id=E551W4LWUM597CM51&df=5&ver=XXXX&lat=584762368&lon=142910847&app=TT&gd=Z, ,E551W4LWUM597CM51
/message?tp=ET&id=E551W4LWUM597CM51&df=5&ver=XXXX&lat=584963327&lon=142549119&app=TT&gd=Z, ,E551W4LWUM597CM51
/message?tp=ET&id=E551W4LWUM597CM51&df=5&ver=XXXX&lat=584994944&lon=142450048&app=TT&gd=Z, ,E551W4LWUM597CM51


/message?tp=ET&id=8677OLL833UUXCN1N&df=5&ver=XXXX&lat=548518507&lon=147768491&app=TT&gd=Z, ,8677OLL833UUXCN1N
/message?tp=ET&id=8677OLL833UUXCN1N&df=5&ver=XXXX&lat=548287104&lon=147873792&app=TT&gd=Z, ,8677OLL833UUXCN1N
/message?tp=ET&id=8677OLL833UUXCN1N&df=5&ver=XXXX&lat=548048511&lon=147823744&app=TT&gd=Z, ,8677OLL833UUXCN1N
/message?tp=ET&id=8677OLL833UUXCN1N&df=5&ver=XXXX&lat=547835135&lon=147626751&app=TT&gd=Z, ,8677OLL833UUXCN1N
/message?tp=ET&id=8677OLL833UUXCN1N&df=5&ver=XXXX&lat=547591295&lon=147872255&app=TT&gd=Z, ,8677OLL833UUXCN1N
/message?tp=ET&id=8677OLL833UUXCN1N&df=5&ver=XXXX&lat=547410048&lon=147735424&app=TT&gd=Z, ,8677OLL833UUXCN1N
/message?tp=ET&id=8677OLL833UUXCN1N&df=5&ver=XXXX&lat=547375743&lon=147373439&app=TT&gd=Z, ,8677OLL833UUXCN1N
/message?tp=ET&id=8677OLL833UUXCN1N&df=5&ver=XXXX&lat=547156480&lon=147224960&app=TT&gd=Z, ,8677OLL833UUXCN1N
/message?tp=ET&id=8677OLL833UUXCN1N&df=5&ver=XXXX&lat=546927231&lon=146978560&app=TT&gd=Z, ,8677OLL833UUXCN1N
/message?tp=ET&id=8677OLL833UUXCN1N&df=5&ver=XXXX&lat=546627584&lon=146896512&app=TT&gd=Z, ,8677OLL833UUXCN1N
/message?tp=ET&id=8677OLL833UUXCN1N&df=5&ver=XXXX&lat=546404736&lon=146729727&app=TT&gd=Z, ,8677OLL833UUXCN1N
/message?tp=ET&id=8677OLL833UUXCN1N&df=5&ver=XXXX&lat=546088576&lon=146573055&app=TT&gd=Z, ,8677OLL833UUXCN1N
/message?tp=ET&id=8677OLL833UUXCN1N&df=5&ver=XXXX&lat=545783039&lon=146510720&app=TT&gd=Z, ,8677OLL833UUXCN1N
/message?tp=ET&id=8677OLL833UUXCN1N&df=5&ver=XXXX&lat=545502079&lon=146587135&app=TT&gd=Z, ,8677OLL833UUXCN1N
/message?tp=ET&id=8677OLL833UUXCN1N&df=5&ver=XXXX&lat=545208320&lon=146703615&app=TT&gd=Z, ,8677OLL833UUXCN1N
/message?tp=ET&id=8677OLL833UUXCN1N&df=5&ver=XXXX&lat=544918783&lon=146809472&app=TT&gd=Z, ,8677OLL833UUXCN1N
/message?tp=ET&id=8677OLL833UUXCN1N&df=5&ver=XXXX&lat=544678143&lon=146945919&app=TT&gd=Z, ,8677OLL833UUXCN1N
/message?tp=ET&id=8677OLL833UUXCN1N&df=5&ver=XXXX&lat=544371200&lon=146817408&app=TT&gd=Z, ,8677OLL833UUXCN1N
/message?tp=ET&id=8677OLL833UUXCN1N&df=5&ver=XXXX&lat=544079871&lon=146712063&app=TT&gd=Z, ,8677OLL833UUXCN1N
/message?tp=ET&id=8677OLL833UUXCN1N&df=5&ver=XXXX&lat=543907967&lon=146538495&app=TT&gd=Z, ,8677OLL833UUXCN1N
/message?tp=ET&id=8677OLL833UUXCN1N&df=5&ver=XXXX&lat=543900288&lon=146114816&app=TT&gd=Z, ,8677OLL833UUXCN1N
/message?tp=ET&id=8677OLL833UUXCN1N&df=5&ver=XXXX&lat=543905407&lon=145705215&app=TT&gd=Z, ,8677OLL833UUXCN1N
/message?tp=ET&id=8677OLL833UUXCN1N&df=5&ver=XXXX&lat=543800063&lon=145312640&app=TT&gd=Z, ,8677OLL833UUXCN1N
/message?tp=ET&id=8677OLL833UUXCN1N&df=5&ver=XXXX&lat=543757696&lon=145198207&app=TT&gd=Z, ,8677OLL833UUXCN1N


