/message?tp=ET&id=UW4X1UKCHXZ4P1H5T&df=3&ver=FFFF&lat=597051318&lon=265578421&app=TT&gd=P, ,UW4X1UKCHXZ4P1H5T
/message?tp=ET&id=UW4X1UKCHXZ4P1H5T&df=3&ver=FFFF&lat=597200640&lon=265143424&app=TT&gd=P, ,UW4X1UKCHXZ4P1H5T
/message?tp=ET&id=UW4X1UKCHXZ4P1H5T&df=3&ver=FFFF&lat=597603839&lon=265234303&app=TT&gd=P, ,UW4X1UKCHXZ4P1H5T
/message?tp=ET&id=UW4X1UKCHXZ4P1H5T&df=3&ver=FFFF&lat=597608319&lon=264697087&app=TT&gd=P, ,UW4X1UKCHXZ4P1H5T
/message?tp=ET&id=UW4X1UKCHXZ4P1H5T&df=3&ver=FFFF&lat=597664896&lon=263966463&app=TT&gd=P, ,UW4X1UKCHXZ4P1H5T
/message?tp=ET&id=UW4X1UKCHXZ4P1H5T&df=3&ver=FFFF&lat=597630591&lon=263332864&app=TT&gd=P, ,UW4X1UKCHXZ4P1H5T
/message?tp=ET&id=UW4X1UKCHXZ4P1H5T&df=3&ver=FFFF&lat=597758976&lon=262510975&app=TT&gd=P, ,UW4X1UKCHXZ4P1H5T
/message?tp=ET&id=UW4X1UKCHXZ4P1H5T&df=3&ver=FFFF&lat=597780352&lon=261763712&app=TT&gd=P, ,UW4X1UKCHXZ4P1H5T
/message?tp=ET&id=UW4X1UKCHXZ4P1H5T&df=3&ver=FFFF&lat=597797632&lon=261036799&app=TT&gd=P, ,UW4X1UKCHXZ4P1H5T
/message?tp=ET&id=UW4X1UKCHXZ4P1H5T&df=3&ver=FFFF&lat=597904128&lon=260295296&app=TT&gd=P, ,UW4X1UKCHXZ4P1H5T
/message?tp=ET&id=UW4X1UKCHXZ4P1H5T&df=3&ver=FFFF&lat=597864320&lon=259558143&app=TT&gd=P, ,UW4X1UKCHXZ4P1H5T
/message?tp=ET&id=UW4X1UKCHXZ4P1H5T&df=3&ver=FFFF&lat=597859967&lon=258839424&app=TT&gd=P, ,UW4X1UKCHXZ4P1H5T
/message?tp=ET&id=UW4X1UKCHXZ4P1H5T&df=3&ver=FFFF&lat=597820415&lon=258124160&app=TT&gd=P, ,UW4X1UKCHXZ4P1H5T
/message?tp=ET&id=UW4X1UKCHXZ4P1H5T&df=3&ver=FFFF&lat=597763456&lon=257357823&app=TT&gd=P, ,UW4X1UKCHXZ4P1H5T
/message?tp=ET&id=UW4X1UKCHXZ4P1H5T&df=3&ver=FFFF&lat=597656960&lon=256627840&app=TT&gd=P, ,UW4X1UKCHXZ4P1H5T
/message?tp=ET&id=UW4X1UKCHXZ4P1H5T&df=3&ver=FFFF&lat=597495039&lon=256019455&app=TT&gd=P, ,UW4X1UKCHXZ4P1H5T
/message?tp=ET&id=UW4X1UKCHXZ4P1H5T&df=3&ver=FFFF&lat=597477887&lon=255290623&app=TT&gd=P, ,UW4X1UKCHXZ4P1H5T
/message?tp=ET&id=UW4X1UKCHXZ4P1H5T&df=3&ver=FFFF&lat=597591935&lon=254567679&app=TT&gd=P, ,UW4X1UKCHXZ4P1H5T
/message?tp=ET&id=UW4X1UKCHXZ4P1H5T&df=3&ver=FFFF&lat=597711872&lon=253890303&app=TT&gd=P, ,UW4X1UKCHXZ4P1H5T
/message?tp=ET&id=UW4X1UKCHXZ4P1H5T&df=3&ver=FFFF&lat=597676544&lon=253155583&app=TT&gd=P, ,UW4X1UKCHXZ4P1H5T
/message?tp=ET&id=UW4X1UKCHXZ4P1H5T&df=3&ver=FFFF&lat=597618688&lon=252428672&app=TT&gd=P, ,UW4X1UKCHXZ4P1H5T
/message?tp=ET&id=UW4X1UKCHXZ4P1H5T&df=3&ver=FFFF&lat=597457279&lon=251755264&app=TT&gd=P, ,UW4X1UKCHXZ4P1H5T
/message?tp=ET&id=UW4X1UKCHXZ4P1H5T&df=3&ver=FFFF&lat=597264255&lon=251070848&app=TT&gd=P, ,UW4X1UKCHXZ4P1H5T
/message?tp=ET&id=UW4X1UKCHXZ4P1H5T&df=3&ver=FFFF&lat=597196287&lon=250925823&app=TT&gd=P, ,UW4X1UKCHXZ4P1H5T


/message?tp=ET&id=HHD873UF8SBGE8HAQ&df=3&ver=FFFF&lat=544846952&lon=186687279&app=TT&gd=P, ,HHD873UF8SBGE8HAQ
/message?tp=ET&id=HHD873UF8SBGE8HAQ&df=3&ver=FFFF&lat=544569727&lon=187094271&app=TT&gd=P, ,HHD873UF8SBGE8HAQ
/message?tp=ET&id=HHD873UF8SBGE8HAQ&df=3&ver=FFFF&lat=544839807&lon=187620096&app=TT&gd=P, ,HHD873UF8SBGE8HAQ
/message?tp=ET&id=HHD873UF8SBGE8HAQ&df=3&ver=FFFF&lat=544984192&lon=188205439&app=TT&gd=P, ,HHD873UF8SBGE8HAQ
/message?tp=ET&id=HHD873UF8SBGE8HAQ&df=3&ver=FFFF&lat=545189248&lon=188909056&app=TT&gd=P, ,HHD873UF8SBGE8HAQ
/message?tp=ET&id=HHD873UF8SBGE8HAQ&df=3&ver=FFFF&lat=545535231&lon=189353599&app=TT&gd=P, ,HHD873UF8SBGE8HAQ
/message?tp=ET&id=HHD873UF8SBGE8HAQ&df=3&ver=FFFF&lat=545971199&lon=189657727&app=TT&gd=P, ,HHD873UF8SBGE8HAQ
/message?tp=ET&id=HHD873UF8SBGE8HAQ&df=3&ver=FFFF&lat=546266367&lon=189126272&app=TT&gd=P, ,HHD873UF8SBGE8HAQ
/message?tp=ET&id=HHD873UF8SBGE8HAQ&df=3&ver=FFFF&lat=546660991&lon=188765312&app=TT&gd=P, ,HHD873UF8SBGE8HAQ
/message?tp=ET&id=HHD873UF8SBGE8HAQ&df=3&ver=FFFF&lat=547128192&lon=188867840&app=TT&gd=P, ,HHD873UF8SBGE8HAQ
/message?tp=ET&id=HHD873UF8SBGE8HAQ&df=3&ver=FFFF&lat=547594624&lon=188757760&app=TT&gd=P, ,HHD873UF8SBGE8HAQ
/message?tp=ET&id=HHD873UF8SBGE8HAQ&df=3&ver=FFFF&lat=548077312&lon=188861055&app=TT&gd=P, ,HHD873UF8SBGE8HAQ
/message?tp=ET&id=HHD873UF8SBGE8HAQ&df=3&ver=FFFF&lat=548467328&lon=189130367&app=TT&gd=P, ,HHD873UF8SBGE8HAQ
/message?tp=ET&id=HHD873UF8SBGE8HAQ&df=3&ver=FFFF&lat=548909056&lon=189481599&app=TT&gd=P, ,HHD873UF8SBGE8HAQ
/message?tp=ET&id=HHD873UF8SBGE8HAQ&df=3&ver=FFFF&lat=549211776&lon=189997311&app=TT&gd=P, ,HHD873UF8SBGE8HAQ
/message?tp=ET&id=HHD873UF8SBGE8HAQ&df=3&ver=FFFF&lat=549687552&lon=189910144&app=TT&gd=P, ,HHD873UF8SBGE8HAQ
/message?tp=ET&id=HHD873UF8SBGE8HAQ&df=3&ver=FFFF&lat=550122624&lon=189610880&app=TT&gd=P, ,HHD873UF8SBGE8HAQ
/message?tp=ET&id=HHD873UF8SBGE8HAQ&df=3&ver=FFFF&lat=550470783&lon=189231744&app=TT&gd=P, ,HHD873UF8SBGE8HAQ
/message?tp=ET&id=HHD873UF8SBGE8HAQ&df=3&ver=FFFF&lat=550935295&lon=189112960&app=TT&gd=P, ,HHD873UF8SBGE8HAQ
/message?tp=ET&id=HHD873UF8SBGE8HAQ&df=3&ver=FFFF&lat=551384704&lon=188999296&app=TT&gd=P, ,HHD873UF8SBGE8HAQ
/message?tp=ET&id=HHD873UF8SBGE8HAQ&df=3&ver=FFFF&lat=551841920&lon=189163904&app=TT&gd=P, ,HHD873UF8SBGE8HAQ
/message?tp=ET&id=HHD873UF8SBGE8HAQ&df=3&ver=FFFF&lat=552242943&lon=189185664&app=TT&gd=P, ,HHD873UF8SBGE8HAQ
/message?tp=ET&id=HHD873UF8SBGE8HAQ&df=3&ver=FFFF&lat=552653055&lon=189439359&app=TT&gd=P, ,HHD873UF8SBGE8HAQ
/message?tp=ET&id=HHD873UF8SBGE8HAQ&df=3&ver=FFFF&lat=552771328&lon=189423743&app=TT&gd=P, ,HHD873UF8SBGE8HAQ


/message?tp=ET&id=HLLUGA9FF09T2XDZF&df=1&ver=CCCC&lat=567411672&lon=81711817&app=TT&gd=N, ,HLLUGA9FF09T2XDZF
/message?tp=ET&id=HLLUGA9FF09T2XDZF&df=1&ver=CCCC&lat=567732096&lon=81755392&app=TT&gd=N, ,HLLUGA9FF09T2XDZF
/message?tp=ET&id=HLLUGA9FF09T2XDZF&df=1&ver=CCCC&lat=568150272&lon=81847423&app=TT&gd=N, ,HLLUGA9FF09T2XDZF
/message?tp=ET&id=HLLUGA9FF09T2XDZF&df=1&ver=CCCC&lat=568425343&lon=82394239&app=TT&gd=N, ,HLLUGA9FF09T2XDZF
/message?tp=ET&id=HLLUGA9FF09T2XDZF&df=1&ver=CCCC&lat=568666367&lon=82974847&app=TT&gd=N, ,HLLUGA9FF09T2XDZF
/message?tp=ET&id=HLLUGA9FF09T2XDZF&df=1&ver=CCCC&lat=568908544&lon=83616128&app=TT&gd=N, ,HLLUGA9FF09T2XDZF
/message?tp=ET&id=HLLUGA9FF09T2XDZF&df=1&ver=CCCC&lat=569224960&lon=84120832&app=TT&gd=N, ,HLLUGA9FF09T2XDZF
/message?tp=ET&id=HLLUGA9FF09T2XDZF&df=1&ver=CCCC&lat=569209472&lon=84805375&app=TT&gd=N, ,HLLUGA9FF09T2XDZF
/message?tp=ET&id=HLLUGA9FF09T2XDZF&df=1&ver=CCCC&lat=569388288&lon=85481087&app=TT&gd=N, ,HLLUGA9FF09T2XDZF
/message?tp=ET&id=HLLUGA9FF09T2XDZF&df=1&ver=CCCC&lat=569549695&lon=86183040&app=TT&gd=N, ,HLLUGA9FF09T2XDZF
/message?tp=ET&id=HLLUGA9FF09T2XDZF&df=1&ver=CCCC&lat=569668223&lon=86868352&app=TT&gd=N, ,HLLUGA9FF09T2XDZF
/message?tp=ET&id=HLLUGA9FF09T2XDZF&df=1&ver=CCCC&lat=569875071&lon=87511552&app=TT&gd=N, ,HLLUGA9FF09T2XDZF
/message?tp=ET&id=HLLUGA9FF09T2XDZF&df=1&ver=CCCC&lat=569984000&lon=88151935&app=TT&gd=N, ,HLLUGA9FF09T2XDZF
/message?tp=ET&id=HLLUGA9FF09T2XDZF&df=1&ver=CCCC&lat=570155776&lon=88804352&app=TT&gd=N, ,HLLUGA9FF09T2XDZF
/message?tp=ET&id=HLLUGA9FF09T2XDZF&df=1&ver=CCCC&lat=570019711&lon=89520127&app=TT&gd=N, ,HLLUGA9FF09T2XDZF
/message?tp=ET&id=HLLUGA9FF09T2XDZF&df=1&ver=CCCC&lat=570189056&lon=89951360&app=TT&gd=N, ,HLLUGA9FF09T2XDZF
/message?tp=ET&id=HLLUGA9FF09T2XDZF&df=1&ver=CCCC&lat=570618623&lon=90225664&app=TT&gd=N, ,HLLUGA9FF09T2XDZF
/message?tp=ET&id=HLLUGA9FF09T2XDZF&df=1&ver=CCCC&lat=571112191&lon=90290944&app=TT&gd=N, ,HLLUGA9FF09T2XDZF
/message?tp=ET&id=HLLUGA9FF09T2XDZF&df=1&ver=CCCC&lat=571554303&lon=90538112&app=TT&gd=N, ,HLLUGA9FF09T2XDZF
/message?tp=ET&id=HLLUGA9FF09T2XDZF&df=1&ver=CCCC&lat=571948799&lon=90955007&app=TT&gd=N, ,HLLUGA9FF09T2XDZF
/message?tp=ET&id=HLLUGA9FF09T2XDZF&df=1&ver=CCCC&lat=572107775&lon=91626880&app=TT&gd=N, ,HLLUGA9FF09T2XDZF
/message?tp=ET&id=HLLUGA9FF09T2XDZF&df=1&ver=CCCC&lat=572379519&lon=92206975&app=TT&gd=N, ,HLLUGA9FF09T2XDZF
/message?tp=ET&id=HLLUGA9FF09T2XDZF&df=1&ver=CCCC&lat=572771584&lon=92636927&app=TT&gd=N, ,HLLUGA9FF09T2XDZF
/message?tp=ET&id=HLLUGA9FF09T2XDZF&df=1&ver=CCCC&lat=572865664&lon=92739967&app=TT&gd=N, ,HLLUGA9FF09T2XDZF


/message?tp=ET&id=K2J118EXX4F2QLMLS&df=5&ver=XXXX&lat=582540414&lon=-17477376&app=TT&gd=Z, ,K2J118EXX4F2QLMLS
/message?tp=ET&id=K2J118EXX4F2QLMLS&df=5&ver=XXXX&lat=582636672&lon=-16900096&app=TT&gd=Z, ,K2J118EXX4F2QLMLS
/message?tp=ET&id=K2J118EXX4F2QLMLS&df=5&ver=XXXX&lat=582601472&lon=-16178943&app=TT&gd=Z, ,K2J118EXX4F2QLMLS
/message?tp=ET&id=K2J118EXX4F2QLMLS&df=5&ver=XXXX&lat=582660735&lon=-15508351&app=TT&gd=Z, ,K2J118EXX4F2QLMLS
/message?tp=ET&id=K2J118EXX4F2QLMLS&df=5&ver=XXXX&lat=582750208&lon=-14881792&app=TT&gd=Z, ,K2J118EXX4F2QLMLS
/message?tp=ET&id=K2J118EXX4F2QLMLS&df=5&ver=XXXX&lat=582953343&lon=-14253311&app=TT&gd=Z, ,K2J118EXX4F2QLMLS
/message?tp=ET&id=K2J118EXX4F2QLMLS&df=5&ver=XXXX&lat=583221632&lon=-13631232&app=TT&gd=Z, ,K2J118EXX4F2QLMLS
/message?tp=ET&id=K2J118EXX4F2QLMLS&df=5&ver=XXXX&lat=583546240&lon=-13092736&app=TT&gd=Z, ,K2J118EXX4F2QLMLS
/message?tp=ET&id=K2J118EXX4F2QLMLS&df=5&ver=XXXX&lat=583876223&lon=-12607616&app=TT&gd=Z, ,K2J118EXX4F2QLMLS
/message?tp=ET&id=K2J118EXX4F2QLMLS&df=5&ver=XXXX&lat=584038527&lon=-11985792&app=TT&gd=Z, ,K2J118EXX4F2QLMLS
/message?tp=ET&id=K2J118EXX4F2QLMLS&df=5&ver=XXXX&lat=584324608&lon=-11374207&app=TT&gd=Z, ,K2J118EXX4F2QLMLS
/message?tp=ET&id=K2J118EXX4F2QLMLS&df=5&ver=XXXX&lat=584619263&lon=-10837119&app=TT&gd=Z, ,K2J118EXX4F2QLMLS
/message?tp=ET&id=K2J118EXX4F2QLMLS&df=5&ver=XXXX&lat=584775551&lon=-10153472&app=TT&gd=Z, ,K2J118EXX4F2QLMLS
/message?tp=ET&id=K2J118EXX4F2QLMLS&df=5&ver=XXXX&lat=585039103&lon=-9666687&app=TT&gd=Z, ,K2J118EXX4F2QLMLS
/message?tp=ET&id=K2J118EXX4F2QLMLS&df=5&ver=XXXX&lat=585197824&lon=-8885760&app=TT&gd=Z, ,K2J118EXX4F2QLMLS
/message?tp=ET&id=K2J118EXX4F2QLMLS&df=5&ver=XXXX&lat=585331711&lon=-8231167&app=TT&gd=Z, ,K2J118EXX4F2QLMLS
/message?tp=ET&id=K2J118EXX4F2QLMLS&df=5&ver=XXXX&lat=585548160&lon=-7636992&app=TT&gd=Z, ,K2J118EXX4F2QLMLS
/message?tp=ET&id=K2J118EXX4F2QLMLS&df=5&ver=XXXX&lat=585902079&lon=-7132927&app=TT&gd=Z, ,K2J118EXX4F2QLMLS
/message?tp=ET&id=K2J118EXX4F2QLMLS&df=5&ver=XXXX&lat=586223871&lon=-6614656&app=TT&gd=Z, ,K2J118EXX4F2QLMLS
/message?tp=ET&id=K2J118EXX4F2QLMLS&df=5&ver=XXXX&lat=586415743&lon=-5950975&app=TT&gd=Z, ,K2J118EXX4F2QLMLS
/message?tp=ET&id=K2J118EXX4F2QLMLS&df=5&ver=XXXX&lat=586545920&lon=-5259904&app=TT&gd=Z, ,K2J118EXX4F2QLMLS
/message?tp=ET&id=K2J118EXX4F2QLMLS&df=5&ver=XXXX&lat=586256767&lon=-4731135&app=TT&gd=Z, ,K2J118EXX4F2QLMLS
/message?tp=ET&id=K2J118EXX4F2QLMLS&df=5&ver=XXXX&lat=586335872&lon=-4106495&app=TT&gd=Z, ,K2J118EXX4F2QLMLS
/message?tp=ET&id=K2J118EXX4F2QLMLS&df=5&ver=XXXX&lat=586337408&lon=-3927040&app=TT&gd=Z, ,K2J118EXX4F2QLMLS


